{"text": " Hello, hello. I am trying to speak. This is my first note and I am going to store it in the folder so that Whisper can read it. Thank you.", "segments": [{"id": 0, "seek": 0, "start": 0.0, "end": 9.0, "text": " Hello, hello. I am trying to speak. This is my first note and I am going to store it in the folder so that Whisper can read it. Thank you.", "tokens": [50364, 2425, 11, 7751, 13, 286, 669, 1382, 281, 1710, 13, 639, 307, 452, 700, 3637, 293, 286, 669, 516, 281, 3531, 309, 294, 264, 10820, 370, 300, 41132, 610, 393, 1401, 309, 13, 1044, 291, 13, 50814], "temperature": 0.0, "avg_logprob": -0.23929962745079628, "compression_ratio": 1.2660550458715596, "no_speech_prob": 0.014297098852694035}], "language": "en"}